รหัสพัสดุ,รายละเอียดพัสดุ,"หน่วย
นับ",ราคากลาง,ประเภท,ใช้ในงานแก้ไฟ
1000010001,POLE 8 M.,EA,"1,727.00",ผลิตภัณฑ์คอนกรีต,ไม่ใช้
1000010002,POLE  9 M.,EA,"2,257.00",ผลิตภัณฑ์คอนกรีต,ไม่ใช้
1000010004,POLE 12 M.,EA,"5,548.00",ผลิตภัณฑ์คอนกรีต,ไม่ใช้
1000010006,POLE 14 M.,EA,"7,902.00",ผลิตภัณฑ์คอนกรีต,ไม่ใช้
1000010008,POLE 16 M.,EA,"11,050.00",ผลิตภัณฑ์คอนกรีต,ไม่ใช้
1000010012,POLE 12.2 M.,EA,"8,441.00",ผลิตภัณฑ์คอนกรีต,ไม่ใช้
1000010013,POLE 14.3 M.,EA,"13,730.00",ผลิตภัณฑ์คอนกรีต,ไม่ใช้
1000010014,POLE 9.30 M.,EA,"3,677.00",ผลิตภัณฑ์คอนกรีต,ไม่ใช้
1000010016,POLE 22 M WITH GROUND PLATE 2 SIDES,EA,"28,390.00",ผลิตภัณฑ์คอนกรีต,ไม่ใช้
1000020001,STUB 0.25X0.25 M. 3.5 M.LONG,EA,"1,294.00",ผลิตภัณฑ์คอนกรีต,ไม่ใช้
1000020002,STUB 0.25X0.25 M. 4.5 M.LONG,EA,"1,652.00",ผลิตภัณฑ์คอนกรีต,ไม่ใช้
1000020003,STUB 0.25X0.25 M. 5.5 M.LONG,EA,"2,008.00",ผลิตภัณฑ์คอนกรีต,ไม่ใช้
1000020102,STUB 0.30X0.30 M. 4.5 M.LONG,EA,"2,631.00",ผลิตภัณฑ์คอนกรีต,ไม่ใช้
1000020103,STUB 0.30X0.30 M. 5.5 M.LONG,EA,"3,202.00",ผลิตภัณฑ์คอนกรีต,ไม่ใช้
1000020104,STUB 0.30X0.30 M. 6.5 M.LONG,EA,"3,786.00",ผลิตภัณฑ์คอนกรีต,ไม่ใช้
1000020201,STUB 0.35X0.35 M. 4.5 M.LONG,EA,"3,344.00",ผลิตภัณฑ์คอนกรีต,ไม่ใช้
1000020202,STUB 0.35X0.35 M. 5.5 M.LONG,EA,"4,052.00",ผลิตภัณฑ์คอนกรีต,ไม่ใช้
1000020204,STUB 0.35X0.35 M. 6.5 M.LONG,EA,"4,799.00",ผลิตภัณฑ์คอนกรีต,ไม่ใช้
1000020300,STUB 0.40X0.40 M. 5.5 M.LONG,EA,"5,058.00",ผลิตภัณฑ์คอนกรีต,ไม่ใช้
1000020301,STUB 0.40X0.40 M. 6.5 M.LONG,EA,"5,919.00",ผลิตภัณฑ์คอนกรีต,ไม่ใช้
1000020302,STUB 0.40X0.40 M. 7.5 M.LONG,EA,"6,829.00",ผลิตภัณฑ์คอนกรีต,ไม่ใช้
1000020400,STUB 0.36X0.36 M. 4.5 M.LONG,EA,"3,859.00",ผลิตภัณฑ์คอนกรีต,ไม่ใช้
1000020401,STUB 0.36X0.36 M. 5.5 M.LONG,EA,"4,680.00",ผลิตภัณฑ์คอนกรีต,ไม่ใช้
1000020402,STUB 0.36X0.36 M. 6.5 M.LONG,EA,"5,546.00",ผลิตภัณฑ์คอนกรีต,ไม่ใช้
1000020500,STUB 0.41X0.41 M. 5.5 M.LONG,EA,"5,714.00",ผลิตภัณฑ์คอนกรีต,ไม่ใช้
1000020501,STUB 0.41X0.41 M. 6.5 M.LONG,EA,"6,710.00",ผลิตภัณฑ์คอนกรีต,ไม่ใช้
1000020502,STUB 0.41X0.41 M. 7.5 M.LONG,EA,"7,661.00",ผลิตภัณฑ์คอนกรีต,ไม่ใช้
1000030000,PILE 0.44X0.44X8.5 M. 10 T-M. (T1),EA,"7,973.00",ผลิตภัณฑ์คอนกรีต,ไม่ใช้
1000030001,PILE 0.44X0.44X8.5 M. 10 T-M. (T2),EA,"8,339.00",ผลิตภัณฑ์คอนกรีต,ไม่ใช้
1000030002,PILE 0.44X0.44X8.5 M. 10 T-M. (T3),EA,"8,488.00",ผลิตภัณฑ์คอนกรีต,ไม่ใช้
1000030003,PILE 0.44X0.44X8.5 M. 10 T-M. (T4),EA,"8,855.00",ผลิตภัณฑ์คอนกรีต,ไม่ใช้
1000030004,PILE 0.44X0.44X6.5 M. 10 T-M. (T1),EA,"6,254.00",ผลิตภัณฑ์คอนกรีต,ไม่ใช้
1000030005,PILE 0.44X0.44X6.5 M. 10 T-M. (T2),EA,"6,620.00",ผลิตภัณฑ์คอนกรีต,ไม่ใช้
1000030006,PILE 0.44X0.44X6.5 M. 10 T-M. (T3),EA,"6,706.00",ผลิตภัณฑ์คอนกรีต,ไม่ใช้
1000030007,PILE 0.44X0.44X6.5 M. 10 T-M. (T4),EA,"7,072.00",ผลิตภัณฑ์คอนกรีต,ไม่ใช้
1000030008,PILE 0.44X0.44X8.5 M. 14 T-M. (T1),EA,"10,190.00",ผลิตภัณฑ์คอนกรีต,ไม่ใช้
1000030009,PILE 0.44X0.44X8.5 M. 14 T-M. (T2),EA,"10,560.00",ผลิตภัณฑ์คอนกรีต,ไม่ใช้
1000030010,PILE 0.44X0.44X8.5 M. 14 T-M (T3),EA,"10,710.00",ผลิตภัณฑ์คอนกรีต,ไม่ใช้
1000030011,PILE 0.44X0.44X8.5 M. 14 T-M. (T4),EA,"11,080.00",ผลิตภัณฑ์คอนกรีต,ไม่ใช้
1000030100,PILE 0.44X0.44X14 M. 10 T-M. (T1),EA,"12,940.00",ผลิตภัณฑ์คอนกรีต,ไม่ใช้
1000030101,PILE 0.44X0.44X14 M. 10 T-M. (T2),EA,"13,310.00",ผลิตภัณฑ์คอนกรีต,ไม่ใช้
1000030102,PILE 0.44X0.44X14 M. 10 T-M. (T3),EA,"13,640.00",ผลิตภัณฑ์คอนกรีต,ไม่ใช้
1000030103,PILE 0.44X0.44X14 M. 10 T-M. (T4),EA,"14,000.00",ผลิตภัณฑ์คอนกรีต,ไม่ใช้
1000030104,PILE 0.44X0.44X14 M. 14 T-M. (T1),EA,"16,610.00",ผลิตภัณฑ์คอนกรีต,ไม่ใช้
1000030105,PILE 0.44X0.44X14 M. 14 T-M. (T2),EA,"16,970.00",ผลิตภัณฑ์คอนกรีต,ไม่ใช้
1000030106,PILE 0.44X0.44X14 M. 14 T-M. (T3),EA,"17,090.00",ผลิตภัณฑ์คอนกรีต,ไม่ใช้
1000030107,PILE 0.44X0.44X14 M. 14 T-M. (T4),EA,"17,670.00",ผลิตภัณฑ์คอนกรีต,ไม่ใช้
1000040001,CONC. ANCHOR PLATE 550X550X150 MM.,EA,216,ผลิตภัณฑ์คอนกรีต,ไม่ใช้
1000040003,CONC. ANCHOR PLATE 600X600X180 MM.,EA,311,ผลิตภัณฑ์คอนกรีต,ไม่ใช้
1000050000,CONC. FOOTING 1.10X2.15X2.30 M.,EA,"17,540.00",ผลิตภัณฑ์คอนกรีต,ไม่ใช้
1000050003,CONC. FOOTING 1.00X1.00X3.50 M.,EA,"17,590.00",ผลิตภัณฑ์คอนกรีต,ไม่ใช้
1000050012,CONC. FOOTING 0.90X1.40X3.00 M.,EA,"16,670.00",ผลิตภัณฑ์คอนกรีต,ไม่ใช้
1000050013,CONC. FOOTING 0.90X2.20X2.30 M. ,EA,"14,050.00",ผลิตภัณฑ์คอนกรีต,ไม่ใช้
1000050014,CONC. FOOTING 0.90X1.10X3.00 M. ,EA,"14,740.00",ผลิตภัณฑ์คอนกรีต,ไม่ใช้
1000050015,CONC. FOOTING 0.70X1.20X3.00 M. ,EA,"14,130.00",ผลิตภัณฑ์คอนกรีต,ไม่ใช้
1000050016,CONC. FOOTING 0.90X2.20X2.40 M. ,EA,"18,510.00",ผลิตภัณฑ์คอนกรีต,ไม่ใช้
1000050017,CONC. FOOTING 0.70X2.30X2.20 M. ,EA,"14,040.00",ผลิตภัณฑ์คอนกรีต,ไม่ใช้
1000050100,CONC. FOOTING 0.80X1.30X2.30 M. ,EA,"10,730.00",ผลิตภัณฑ์คอนกรีต,ไม่ใช้
1000050101,CONC. FOOTING 0.80X1.60X2.50 M. ,EA,"16,250.00",ผลิตภัณฑ์คอนกรีต,ไม่ใช้
1000110000,"CROSSARM 100X100X1,500 MM.",EA,268,ผลิตภัณฑ์คอนกรีต,ไม่ใช้
1000110001,"CROSSARM 100X100X2,500 MM.",EA,528,ผลิตภัณฑ์คอนกรีต,ไม่ใช้
1000110002,"CROSSARM 120X120X3,000 MM.",EA,920,ผลิตภัณฑ์คอนกรีต,ไม่ใช้
1000110003,"CROSSARM (FOR D/E) 120X120X2,000 MM.",EA,631,ผลิตภัณฑ์คอนกรีต,ไม่ใช้
1000110004,"CROSSARM (FOR D/E) 120X120X2,500 MM.",EA,936,ผลิตภัณฑ์คอนกรีต,ไม่ใช้
1000110006,"CROSSARM 100X100X2,500 MM. HPC",EA,476,ผลิตภัณฑ์คอนกรีต,ไม่ใช้
1000110007,"CROSSARM 100X100X3,200 MM. HPC",EA,569,ผลิตภัณฑ์คอนกรีต,ไม่ใช้
1000110008,"CROSSARM 120X120X2,000 MM. HPC",EA,559,ผลิตภัณฑ์คอนกรีต,ไม่ใช้
1000110009,"CROSSARM 120X120X2,500 MM. HPC",EA,657,ผลิตภัณฑ์คอนกรีต,ไม่ใช้
1000110010,"CROSSARM 120X120X3,000 MM. HPC",EA,761,ผลิตภัณฑ์คอนกรีต,ไม่ใช้
1000210000,"BEAM, SPUN 100X100X3,200 MM.",EA,645,ผลิตภัณฑ์คอนกรีต,ไม่ใช้
1000210003,"BEAM 150X250X3,550 MM.",EA,919,ผลิตภัณฑ์คอนกรีต,ไม่ใช้
1000210004,"BEAM 150X300X4,600 MM.",EA,"1,700.00",ผลิตภัณฑ์คอนกรีต,ไม่ใช้
1020010009,สายอลูมิเนียมเปลือย 400 ต.มม. มอก.85 (จ้างรีดด้วยอินกอท EC grade),KM,"23,400.00",พัสดุหลัก,ไม่ใช้
1020010009,สายอลูมิเนียมเปลือย 400 ต.มม. มอก.85 (จ้างรีดด้วยอินกอท Primary grade),KM,"25,550.00",พัสดุหลัก,ไม่ใช้
1020020002,สายอลูมิเนียมแกนเหล็ก 50/8 ต.มม. มอก.86 (จ้างรีดด้วยอินกอท EC grade),KM,"6,644.00",พัสดุหลัก,ไม่ใช้
1020020002,สายอลูมิเนียมแกนเหล็ก 50/8 ต.มม. มอก.86 (จ้างรีดด้วยอินกอท Primary grade),KM,"6,785.00",พัสดุหลัก,ไม่ใช้
1020040007,เคเบิลใต้ดิน ทองแดง 22 เควี 1x240 ต.มม.,M,"1,907.00",พัสดุหลัก,ไม่ใช้
1020040008,เคเบิลใต้ดิน ทองแดง 22 เควี 1x500 ต.มม.,M,"3,151.00",พัสดุหลัก,ไม่ใช้
1020040009,เคเบิลใต้ดินทองแดง 22 เควี 1X400 ต.มม.,M,"2,899.00",พัสดุหลัก,ไม่ใช้
1020040107,เคเบิลใต้ดิน ทองแดง 33 เควี 1x240 ต.มม.,M,"2,209.00",พัสดุหลัก,ไม่ใช้
1020040108,เคเบิลใต้ดินทองแดง 33 เควี 1 X 400 ต.มม.,M,"3,267.00",พัสดุหลัก,ไม่ใช้
1020040109,เคเบิลใต้ดินทองแดง 33 เควี 1 X 500 ต.มม.,M,"3,627.00",พัสดุหลัก,ไม่ใช้
1020040200,เคเบิ้ลใต้ดินทองแดง 115 เควี 1x800 ตร.มม.,M,"7,701.00",พัสดุหลัก,ไม่ใช้
1020050000,เคเบิลอากาศ อลูมิเนียม 22 เควี 1x50 ต.มม. (จ้างรีดด้วยอินกอท EC grade),KM,"63,150.00",พัสดุหลัก,ไม่ใช้
1020050000,เคเบิลอากาศ อลูมิเนียม 22 เควี 1x50 ต.มม. (จ้างรีดด้วยอินกอท Primary grade),KM,"63,890.00",พัสดุหลัก,ไม่ใช้
1020050004,เคเบิลอากาศ อลูมิเนียม 22 เควี 1x185 ต.มม. (จ้างรีดด้วยอินกอท EC grade),KM,"105,600.00",พัสดุหลัก,ไม่ใช้
1020050004,เคเบิลอากาศ อลูมิเนียม 22 เควี 1x185 ต.มม. (จ้างรีดด้วยอินกอท Primary grade),KM,"106,100.00",พัสดุหลัก,ไม่ใช้
1020050100,เคเบิลอากาศ อลูมิเนียม 33 เควี 1x50 ต.มม. (จ้างรีดด้วยอินกอท EC grade),KM,"83,270.00",พัสดุหลัก,ไม่ใช้
1020050100,เคเบิลอากาศ อลูมิเนียม 33 เควี 1x50 ต.มม. (จ้างรีดด้วยอินกอท Primary grade),KM,"83,780.00",พัสดุหลัก,ไม่ใช้
1020050104,เคเบิลอากาศ อลูมิเนียม 33 เควี 1x185 ต.มม. (จ้างรีดด้วยอินกอท EC grade),KM,"143,600.00",พัสดุหลัก,ไม่ใช้
1020050104,เคเบิลอากาศ อลูมิเนียม 33 เควี 1x185 ต.มม. (จ้างรีดด้วยอินกอท Primary grade),KM,"144,600.00",พัสดุหลัก,ไม่ใช้
1020070000,"สายอลูมิเนียมตีเกลียวชนิดอัดแน่นหุ้มฉนวน พีวีซี.750 โวลท์ 75 องศา
เชลเซียส 25 ต.มม.มอก.293 (จ้างรีดด้วยอินกอท EC grade)",KM,"7,023.00",พัสดุหลัก,ไม่ใช้
1020070000,"สายอลูมิเนียมตีเกลียวชนิดอัดแน่นหุ้มฉนวน พีวีซี.750 โวลท์ 75 องศา
เชลเซียส 25 ต.มม.มอก.293 (จ้างรีดด้วยอินกอท Primary grade)",KM,"7,101.00",พัสดุหลัก,ไม่ใช้
1020070002,"สายอลูมิเนียมตีเกลียวชนิดอัดแน่นหุ้มฉนวน พีวีซี.750 โวลท์ 75 องศา
เชลเซียส 50 ต.มม.มอก.293 (จ้างรีดด้วยอินกอท EC grade)",KM,"9,889.00",พัสดุหลัก,ไม่ใช้
1020070002,"สายอลูมิเนียมตีเกลียวชนิดอัดแน่นหุ้มฉนวน พีวีซี.750 โวลท์ 75 องศา
เชลเซียส 50 ต.มม.มอก.293 (จ้างรีดด้วยอินกอท Primary grade)",KM,"10,290.00",พัสดุหลัก,ไม่ใช้
1020070004,"สายอลูมิเนียมตีเกลียวชนิดอัดแน่นหุ้มฉนวน พีวีซี.750 โวลท์ 75 องศา
เชลซียส 95 ต.มม.มอก.293 (จ้างรีดด้วยอินกอท EC grade)",KM,"22,230.00",พัสดุหลัก,ไม่ใช้
1020070004,"สายอลูมิเนียมตีเกลียวชนิดอัดแน่นหุ้มฉนวน พีวีซี.750 โวลท์ 75 องศา
เชลซียส 95 ต.มม.มอก.293 (จ้างรีดด้วยอินกอท Primary grade)",KM,"23,120.00",พัสดุหลัก,ไม่ใช้
1020080402,คอนโทรลเคเบิล ขนาด 7x2.5 ต.มม. มอก.838 ตารางที่ 10,M,142,พัสดุหลัก,ไม่ใช้
1020080501,สายทองแดงตีเกลียวหุ้มฉนวนครอสลิงคฺ์โพลิเอททีลินและเปลือกนอกพีวีซี 2x10 ต.มม. 600 โวลท์,M,146,พัสดุหลัก,ไม่ใช้
1020080502,"CABLE,CU,PVC,INS.&JAC,600V.2X35 SQ.MM.",M,469,พัสดุหลัก,ไม่ใช้
1020440006,"CABLE SPACER, PORCELAIN, TYPE 3",EA,"1,567.00",พัสดุหลัก,ไม่ใช้
1020440007,"CABLE SPACER, PORCELAIN, TYPE 4",EA,"1,849.00",พัสดุหลัก,ไม่ใช้
1030010002,ลูกถ้วยไลน์โพสท์ไทพ์ 22 เควี แบบ 57-2L ชนิดทนเพาเวอร์อาร์ค,EA,799,พัสดุหลัก,ใช้
1030010003,ลูกถ้วยไลน์โพสท์ไทพ์ 33 เควี แบบ 57-3L มอก.1077,EA,"1,279.00",พัสดุหลัก,ไม่ใช้
1030010101,ลูกถ้วยพินโพสท์ไทพ์ 22 เควี ชนิดทนเพาเวอร์อาร์ค,EA,982,พัสดุหลัก,ใช้
1030010102,ลูกถ้วยพินโพสท์ไทพ์ แบบ 56/57-4 มอก.1251,EA,"3,446.00",พัสดุหลัก,ใช้
1030010103,ลูกถ้วยพินโพสท์ไทพ์ แบบ 56/57-3 มอก.1251,EA,"2,072.00",พัสดุหลัก,ใช้
1030010008,"INSULATOR,LINE-POST,57-2,TIS.2623",EA,799,พัสดุหลัก,ใช้
1030010009,"INSULATOR,LINE-POST,57-3,TIS.2623",EA,"1,279.00",พัสดุหลัก,ใช้
1030010104,"INSULATOR,PIN-POST,56/57-2,TIS.2623",EA,982,พัสดุหลัก,ใช้
1030010105,"INSULATOR,PIN-POST,56/57-3,TIS.2623",EA,"2,072.00",พัสดุหลัก,ใช้
1030010106,"INSULATOR,PIN-POST,56/57-4,TIS.2623",EA,"3,446.00",พัสดุหลัก,ใช้
1030010204,ลูกถ้วยแบบโพสท์ 115 เควี ติดตั้งในแนวนอน (พร้อมแคล้มป์รหัส 1020570106),EA,"25,590.00",พัสดุหลัก,ไม่ใช้
1030020000,ลูกถ้วยแขวนแบบ ก (แบบ 52-1) มอก.354,EA,332,พัสดุหลัก,ใช้
1030020001,ลูกถ้วยแขวนแบบ ค (แบบ 52-3) มอก.354,EA,702,พัสดุหลัก,ใช้
1030020002,ลูกถ้วยแขวนแบบ ง (แบบ 52-4) มอก.354,EA,637,พัสดุหลัก,ใช้
1030020003,ลูกถ้วยแขวนแบบ จ (แบบ 52-8) มอก.354,EA,949,พัสดุหลัก,ใช้
1030020100,"ลูกถ้วยแขวนชนิดคอมโพสิต 115 เควี ยาว 1,100 - 1,200 มม. รับแรงดึง ไม่น้อยกว่า 110 กิโลนิวตัน",EA,981,พัสดุหลัก,ใช้
1030020101,"ลูกถ้วยแขวนชนิดคอมโพสิต 115 เควี ยาว 1,500 - 1,600 มม. รับแรงดึงไม่น้อยกว่า 110 กิโลนิวตัน",EA,"1,157.00",พัสดุหลัก,ใช้
1030020103,"ลูกถ้วยแขวนชนิดคอมโพสิต 115 เควี ยาว 1,500 - 1,600 มม. รับแรงดึงไม่น้อยกว่า  220 กิโลนิวตัน",EA,"1,520.00",พัสดุหลัก,ใช้
1030030000,ลูกรอกแรงต่ำแบบ ข (แบบ 53-2 ) มอก.2623,EA,27,พัสดุหลัก,ใช้
1030030100,ลูกถ้วยยึดโยงแบบ ก (แบบ 54-1) มอก.2623,EA,44.1,พัสดุหลัก,ใช้
1030030103,ลูกถ้วยยึดโยงแบบ ง (แบบ 54-4) มอก.2623,EA,142,พัสดุหลัก,ใช้
1040000000,ล่อฟ้า 21 เควี 5 กิโลแอมป์,EA,775,พัสดุหลัก,ใช้
1040000001,ล่อฟ้า 21 เควี 10 กิโลแอมป์ Class 2,EA,"1,320.00",พัสดุหลัก,ใช้
1040000002,ล่อฟ้า 24 เควี 5 กิโลแอมป์,EA,833,พัสดุหลัก,ใช้
1040000003,ล่อฟ้า 24 เควี 10 กิโลแอมป์ Class 2,EA,"1,650.00",พัสดุหลัก,ใช้
1040000007,ล่อฟ้า 21 เควี 5 กิโลแอมป์ (without mounting brackets),EA,725,พัสดุหลัก,ใช้
1040000008,ล่อฟ้า 24 เควี 5 กิโลแอมป์ (without mounting brackets),EA,794,พัสดุหลัก,ใช้
1040000100,ล่อฟ้า 30 เควี 5 กิโลแอมป์,EA,962,พัสดุหลัก,ใช้
1040000101,ล่อฟ้า 30 เควี 10 กิโลแอมป์,EA,"1,750.00",พัสดุหลัก,ใช้
1040000103,ล่อฟ้า 30 kV 10 kA ชนิดฉนวนพอลิเมอร์ สำหรับใช้ในบริเวณที่มีมลภาวะ,EA,"10,880.00",พัสดุหลัก,ใช้
1040000106,ล่อฟ้า 30 เควี 5 กิโลแอมป์ (without mounting brackets),EA,900,พัสดุหลัก,ใช้
1040000300,ล่อฟ้า 250-500 โวลท์ 2.5-5.0 กิโลแอมป์,EA,165,พัสดุหลัก,ใช้
1040010002,ดรอพเอาท์ฟิวส์คัทเอาท์ หนึ่งอินซูเลเตอร์ 22 เควี 100 แอมป์ 12 เคเอ อสมมาตร,EA,"2,550.00",พัสดุหลัก,ใช้
1040010100,ดรอพเอาท์ฟิวส์คัทเอาท์ หนึ่งอินซูเลเตอร์ 33 เควี 100 แอมป์,EA,"3,700.00",พัสดุหลัก,ไม่ใช้
1040050000,ดิสคอนเนคติ้งสวิตช์ 1 ขา 22 เควี 600 แอมป์ ชนิดติดตั้งในระบบจำหน่าย,EA,"5,261.00",พัสดุหลัก,ไม่ใช้
1040050001,ดิสคอนเนคติ้งสวิตช์ 1 ขา 22 เควี 600 แอมป์ 40 เคเอ ชนิดติดตั้งในสถานีเปลี่ยนแรงดัน,EA,"5,596.00",พัสดุหลัก,ไม่ใช้
1040050002,"ดิสคอนเนคติ้งสวิตช์ 1 ขา 22 เควี 1,200 แอมป์ 61 เคเอ ชนิดติดตั้งในสถานีเปลี่ยนแรงดัน",EA,"9,571.00",พัสดุหลัก,ไม่ใช้
1040050100,ดิสคอนเนคติ้งสวิตช์ 1 ขา 33 เควี 600 แอมป์ ชนิดติดตั้งในระบบจำหน่าย,EA,"8,324.00",พัสดุหลัก,ไม่ใช้
1040050101,ดิสคอนเนคติ้งสวิตช์ 1 ขา 33 เควี 600 แอมป์ 40 เคเอ ชนิดติดตั้งในสถานีเปลี่ยนแรงดัน,EA,"9,067.00",พัสดุหลัก,ไม่ใช้
1040050102,"ดิสคอนเนคติ้งสวิตช์ 1 ขา 33 เควี 1,200 แอมป์ ชนิดติดตั้งในสถานีเปลี่ยนแรงดัน",EA,"16,150.00",พัสดุหลัก,ไม่ใช้
1040060200,"แอร์เบรคสวิตช์ 3 ขา 115 เควี 1,200 แอมป์ 61 เคเอ เปิดในแนวราบ",EA,"520,000.00",พัสดุหลัก,ไม่ใช้
1040060207,"AB SW.,3 POLE 115 KV 2,000 A 100 KA. HOR",EA,"520,000.00",พัสดุหลัก,ไม่ใช้
1040070009,"สวิตช์เปิดได้เมื่อมีโหลดชนิด เอส เอฟ ซิกซ์ สามารถใช้การควบคุมระยะไกล 3 เฟส 22  เควี 600 แอมป์ [พร้อมอุปกรณ์ประกอบรหัส 1040070305 , 1040073011 , 1000120005] ",EA,"204,500.00",พัสดุหลัก,ไม่ใช้
1040070011,"ชุดอุปกรณ์สำหรับปลด-สับชุดคาปาซิเตอร์แบบควบคุมด้วยวาร์ชนิดสวิตช์เปิดได้เมื่อมีโหลดแบบแวคคิวอัม 3 เฟส 22 เควี 200 แอมป์ [พร้อมอุปกรณ์ประกอบรหัส 1040070306 , 1040070307 , 1040070309 , 1050110002] ",EA,"604,800.00",พัสดุหลัก,ไม่ใช้
1040070107,"สวิตช์เปิดได้เมื่อมีโหลดชนิด เอส เอฟ ซิกซ์ สามารถใช้การควบคุมระยะไกล 3 เฟส 33  เควี 400 แอมป์  [พร้อมอุปกรณ์ประกอบรหัส 1040070305 ,  1040073012 , 1000120007] ",EA,"231,400.00",พัสดุหลัก,ไม่ใช้
1040070110,"ชุดอุปกรณ์สำหรับปลด-สับชุดคาปาซิเตอร์แบบควบคุมด้วยค่าวาร์ ชนิดสวิตช์เปิดได้เมื่อมีโหลดแบบออยล์ 3 เฟส 33 เควี 135 แอมป์ [พร้อมอุปกรณ์ประกอบรหัส 1040070306 , 1040070308 , 1040070310 , 1050110002]  ",EA,"952,600.00",พัสดุหลัก,ไม่ใช้
1040070111,"ชุดอุปกรณ์สำหรับปลด-สับชุดคาปาซิเตอร์แบบควบคุมด้วยค่าวาร์ ชนิดสวิตช์เปิดได้เมื่อมีโหลดแบบแวคคิวอัม 3 เฟส 33 เควี 135 แอมป์ [พร้อมอุปกรณ์ประกอบรหัส 1040070306 ,1040070308 , 1040070310 , 1050110002]  ",EA,"975,800.00",พัสดุหลัก,ไม่ใช้
1040080004,"RECLOSER 22KV630A12KA(SOLID)WITH HANGER [พร้อมอุปกรณ์ประกอบรหัส 1040080302 , 1040073015]  ",EA,"225,000.00",พัสดุหลัก,ไม่ใช้
1040080103,"RECLOSER 33KV630A12KA(SOLID)WITH HANGER [พร้อมอุปกรณ์ประกอบรหัส 1040080302 , 1040073016]  ",PAC,"306,600.00",พัสดุหลัก,ไม่ใช้
1050000011,"TR., 30 KVA,1P,22-0.48/0.24 KV,SC",EA,"87,170.00",พัสดุหลัก,ใช้
1050000206,"TR., 30 KVA,1P,19-0.48/0.24 KV,SC",EA,"96,670.00",พัสดุหลัก,ใช้
1050010066,"TR.,50 KVA,3P,22-0.416/0.24 KV,DYN11,SC",EA,"132,500.00",พัสดุหลัก,ใช้
1050010067,"TR.,100 KVA,3P,22-0.416/0.24 KV,DYN11,SC",EA,"199,000.00",พัสดุหลัก,ใช้
1050010068,"TR.,160 KVA,3P,22-0.416/0.24 KV,DYN11,SC",EA,"248,000.00",พัสดุหลัก,ใช้
1050010069,"TR.,250 KVA,3P,22-0.416/0.24 KV,DYN11,SC",EA,"281,900.00",พัสดุหลัก,ใช้
1050010138,"TR.,50 KVA,3P,33-0.416/0.24 KV,DYN11,SC",EA,"151,700.00",พัสดุหลัก,ใช้
1050010139,"TR.,100 KVA,3P,33-0.416/0.24 KV,DYN11,SC",EA,"202,500.00",พัสดุหลัก,ใช้
1050010140,"TR.,160 KVA,3P,33-0.416/0.24 KV,DYN11,SC",EA,"252,500.00",พัสดุหลัก,ใช้
1050010141,"TR.,250 KVA,3P,33-0.416/0.24 KV,DYN11,SC",EA,"295,800.00",พัสดุหลัก,ใช้
1050010702,"IOT TR, 160KVA 3P 22-0.416KV DYN11 SC",EA,"263,800.00",พัสดุหลัก,ใช้
1050010703,"IOT TR, 250KVA 3P 22-0.416KV DYN11 SC",EA,"303,400.00",พัสดุหลัก,ใช้
1050010712,"IOT TR, 160KVA 3P 33-0.416KV DYN11 SC",EA,"270,600.00",พัสดุหลัก,ใช้
1050010713,"IOT TR, 250KVA 3P 33-0.416KV DYN11 SC",EA,"345,800.00",พัสดุหลัก,ใช้
1050050000,แคแปซิเตอร์ 1 เฟส สองบุชชิ่ง ใช้นอกอาคาร 12.7 เควี 100 กิโลวาร์,EA,"9,530.00",พัสดุหลัก,ไม่ใช้
1050050100,แคแปซิเตอร์ หนึ่งบุชชิ่ง ใช้นอกอาคาร 33 GRDY/19 เควี 100 กิโลวาร์,EA,"8,047.00",พัสดุหลัก,ไม่ใช้
1060050019,METER (E) WATTHOUR 1P 5(100) A O/D BLE,EA,435,พัสดุหลัก,ไม่ใช้
1060050111,METER (E) WATTHOUR 3P 5(100) A O/D BLE,EA,"1,395.00",พัสดุหลัก,ไม่ใช้
1060070511,อุปกรณ์สำหรับเข้ารหัสข้อมูล ชนิด GSM/GPRS สำหรับใช้กับ ทีโอยู มิเตอร์,EA,"4,689.00",พัสดุหลัก,ไม่ใช้
1060070518,METER.AMR3P3W110V5A (FUNC),EA,"6,074.00",พัสดุหลัก,ไม่ใช้
1060070519,METER.AMR3P4W 63.5/110V 5A (FUNC),EA,"16,450.00",พัสดุหลัก,ไม่ใช้
1060070520,METER.AMR 3P4W 220/380V 5A (FUNC),EA,"6,074.00",พัสดุหลัก,ไม่ใช้
1060070700,METER SMART 1P 2W 230V 5(45)A PLC,EA,"1,950.00",พัสดุหลัก,ไม่ใช้
1060070703,METER SMART 1P 2W 230V 5(100)A PLC,EA,"2,333.00",พัสดุหลัก,ไม่ใช้
1060070706,METER SMART 3P 4W 230/400V 5(45)A PLC,EA,"2,573.00",พัสดุหลัก,ไม่ใช้
1060070709,METER SMART 3P 4W 230/400V 5(100)A PLC,EA,"3,034.00",พัสดุหลัก,ไม่ใช้
1060070713,METER SMART 3P 4W 230/400V 5(6)A GPRS,EA,"2,122.00",พัสดุหลัก,ไม่ใช้
1060070717,METER SMART 3P 3W 3x110V 5(6)A GPRS,EA,"3,879.00",พัสดุหลัก,ไม่ใช้
1000120002,"คอนสาย แบบเหล็กฉาก ขนาด 150x150x12 มม. ยาว 4,500 มม.",EA,"6,016.00",พัสดุรอง,ไม่ใช้
1000120004,"คอนเหล็กรูปรางน้ำ แบบท้าวแขน ขนาด 150x75x9 มม. ยาว 3,000 มม.",EA,"3,965.00",พัสดุรอง,ไม่ใช้
1000120006,"คอนเหล็กกลวง สี่เหลี่ยมจตุรัส ขนาด 100x100x3.2 มม. ยาว 2,000 มม.",EA,"1,688.00",พัสดุรอง,ไม่ใช้
1010000100,เหล็กรูปรางน้ำ ขนาด 100x50x5 มม. ยาว 2.25 ม.,EA,"1,076.00",พัสดุรอง,ไม่ใช้
1010000103,"เหล็กรูปรางน้ำ ขนาด 100x50x5 มม. ยาว 4,200 มม.",EA,"1,898.00",พัสดุรอง,ไม่ใช้
1010000302,"เหล็กรูปรางน้ำ ขนาด 150x75x6.5 มม. ยาว 4,500 มม.",EA,"4,645.00",พัสดุรอง,ไม่ใช้
1010000303,"เหล็กรูปรางน้ำ ขนาด 150x75x6.5 มม. ยาว 6,000 มม.",EA,"6,118.00",พัสดุรอง,ไม่ใช้
1010000304,"เหล็กรูปรางน้ำ ขนาด 150x75x6.5 มม. ยาว 2,500 มม",EA,"3,399.00",พัสดุรอง,ไม่ใช้
1010000400,"เหล็กรูปรางน้ำ ขนาด 200x80x7.5 มม. ยาว 1,000 มม.",EA,"1,756.00",พัสดุรอง,ไม่ใช้
1010010000,"เหล็กฉาก ขนาด 65x65x6 มม. ยาว 1,000 มม.",EA,275,พัสดุรอง,ไม่ใช้
1010010003,"เหล็กฉาก รับสายล่อฟ้าทางตรงขนาด 65x65x6 มม.ยาว 2,250 มม.",EA,630,พัสดุรอง,ไม่ใช้
1010010004,"เหล็กฉาก รับสายล่อฟ้า ขนาด 65x65x6 มม. ยาว 2,500 มม.",EA,702,พัสดุรอง,ไม่ใช้
1010010005,"เหล็กฉาก รับสายล่อฟ้าทางโค้ง ขนาด 65x65x6 มม. ยาว 2,500 มม.",EA,"1,356.00",พัสดุรอง,ไม่ใช้
1010010100,"เหล็กฉาก ขนาด 75x75x6 มม. ยาว 3,500 มม.",EA,"1,211.00",พัสดุรอง,ไม่ใช้
1010010101,"เหล็กฉาก ขนาด 75x75x6 มม. ยาว 4,100 มม.",EA,"1,453.00",พัสดุรอง,ไม่ใช้
1010030002,แผ่นเหล็ก ขนาด 6x100x450 มม.,EA,120,พัสดุรอง,ไม่ใช้
1010030006,แผ่นเหล็กประกอบหัวเสา ตามแบบเลขที่ SA3-015/44004,EA,24.9,พัสดุรอง,ไม่ใช้
1010030007,แผ่นเหล็กประกอบโคนเสา ตามแบบเลขที่ SA3-015/44004,EA,43.8,พัสดุรอง,ไม่ใช้
1010030100,แผ่นเหล็กยื่นสองปลาย ขนาด 12x100x650 มม.,EA,374,พัสดุรอง,ไม่ใช้
1010030102,แผ่นเหล็กยื่นสองปลาย ขนาด 12x100x760 มม.,EA,437,พัสดุรอง,ไม่ใช้
1010050000,ท่อเหล็ก ขนาดระบุ 20 ประเภทที่ 2 ยาว 100 มม. มอก.277 แต่ไม่มีเกลียวที่ปลาย,EA,21.3,พัสดุรอง,ไม่ใช้
1010050002,ท่อเหล็ก ขนาดระบุ 20 ประเภทที่ 2 ยาว 150 มม. มอก.277 แต่ไม่มีเกลียวที่ปลาย,EA,27.4,พัสดุรอง,ไม่ใช้
1010060024,SUPPORT.JOINT BOX.FOR OPGW.DIA. 14 MM.,EA,441,พัสดุรอง,ไม่ใช้
1010060025,BRACKET.FOR OPGW.DIA.14 MM.COIL,EA,772,พัสดุรอง,ไม่ใช้
1010060026,JOINT BOX. 2 WAY.FOR OPGW,EA,"27,650.00",พัสดุรอง,ไม่ใช้
1010060027,JOINT BOX.3 WAY.OPGW AND APPROACH CABLE,EA,"28,130.00",พัสดุรอง,ไม่ใช้
1010100000,ลวดเหล็กกลม เส้นผ่านศูนย์กลาง 4.0 มม.เส้นเดียว มอก.71,KG,61.8,พัสดุรอง,ไม่ใช้
1010100002,ลวดเหล็กตีเกลียว 25 ต.มม. มอก.404,M,16.8,พัสดุรอง,ไม่ใช้
1010100003,ลวดเหล็กตีเกลียว 35 ต.มม. มอก.404,M,22.7,พัสดุรอง,ไม่ใช้
1010100004,ลวดเหล็กตีเกลียว 50/7 ต.มม. มอก.404,M,33.6,พัสดุรอง,ไม่ใช้
1010100006,ลวดเหล็กตีเกลียว 95 ต.มม. มอก.404,M,62.1,พัสดุรอง,ไม่ใช้
1010100100,"OPGW.24C.DIA.14 mm., SC.100 kA2.SEC",M,126,พัสดุรอง,ไม่ใช้
1010100102,"OPGW.24C.DIA.14.MM.,SC.70.kA2.SEC",M,126,พัสดุรอง,ไม่ใช้
1010110100,สลักเกลียว เอ็ม 12x35 มม.,EA,14.9,พัสดุรอง,ใช้
1010110101,สลักเกลียว เอ็ม 12x50 มม.,EA,17.3,พัสดุรอง,ใช้
1010110200,สลักเกลียว เอ็ม 16x130 มม.,EA,21.6,พัสดุรอง,ใช้
1010110201,สลักเกลียว เอ็ม 16x170 มม.,EA,25.5,พัสดุรอง,ใช้
1010110202,สลักเกลียว เอ็ม 16x200 มม.,EA,27.8,พัสดุรอง,ใช้
1010110203,สลักเกลียว เอ็ม 16x250 มม.,EA,34.7,พัสดุรอง,ใช้
1010110204,สลักเกลียว เอ็ม 16x300 มม.,EA,41.7,พัสดุรอง,ใช้
1010110205,สลักเกลียว เอ็ม 16x350 มม.,EA,46.3,พัสดุรอง,ใช้
1010110206,สลักเกลียว เอ็ม 16x400 มม.,EA,52.5,พัสดุรอง,ใช้
1010110207,สลักเกลียว เอ็ม 16x450 มม.,EA,58.6,พัสดุรอง,ใช้
1010110208,สลักเกลียว เอ็ม 16x500 มม.,EA,61.7,พัสดุรอง,ใช้
1010110209,สลักเกลียว เอ็ม 16X600 มม.,EA,65.6,พัสดุรอง,ใช้
1010110300,สลักเกลียว เอ็ม 20x350 มม.,EA,75.6,พัสดุรอง,ใช้
1010110301,สลักเกลียว เอ็ม 20x400 มม.,EA,88,พัสดุรอง,ใช้
1010110302,สลักเกลียว เอ็ม 20x450 มม.,EA,100,พัสดุรอง,ใช้
1010110400,สลักเกลียวหัวหกเหลี่ยม เอ็ม 16x75 มม.,EA,24.7,พัสดุรอง,ใช้
1010110401,สลักเกลียวหัวหกเหลี่ยม เอ็ม 16x550 มม.,EA,81,พัสดุรอง,ใช้
1010110402,สลักเกลียวหัวหกเหลี่ยม เอ็ม 16x600 มม.,EA,87.2,พัสดุรอง,ใช้
1010110404,สลักเกลียวหัวหกเหลี่ยม เอ็ม 16x50 มม.,EA,23.1,พัสดุรอง,ใช้
1010120000,สลักเกลียวตลอด เอ็ม 16x400 มม.,EA,56.9,พัสดุรอง,ใช้
1010120001,สลักเกลียวตลอด เอ็ม 16x450 มม.,EA,64,พัสดุรอง,ใช้
1010120002,สลักเกลียวตลอด เอ็ม 16x500 มม.,EA,77.2,พัสดุรอง,ใช้
1010120004,สลักเกลียวตลอด เอ็ม 16x600 มม.,EA,81,พัสดุรอง,ใช้
1010120005,สลักเกลียวตลอด เอ็ม 16x650 มม.,EA,91,พัสดุรอง,ใช้
1010130000,สลักเกลียวห่วงกลม เอ็ม 16x400 มม.,EA,74.9,พัสดุรอง,ใช้
1010130001,สลักเกลียวห่วงกลม เอ็ม 16x450 มม.,EA,76.7,พัสดุรอง,ใช้
1010130002,สลักเกลียวห่วงกลม เอ็ม 16x500 มม.,EA,83.6,พัสดุรอง,ใช้
1010130003,สลักเกลียวห่วงกลม เอ็ม 16x600 มม.,EA,103,พัสดุรอง,ใช้
1010130005,สลักเกลียวห่วงกลม เอ็ม 16x650 มม.,EA,113,พัสดุรอง,ใช้
1010140001,สลักห่วงกลม เอ็ม 16x200 มม.,EA,52.3,พัสดุรอง,ใช้
1010140002,สลักห่วงกลม เอ็ม 16x250 มม.,EA,59.6,พัสดุรอง,ใช้
1010140003,สลักห่วงกลม เอ็ม 16x300 มม.,EA,70,พัสดุรอง,ใช้
1010150000,สลักห่วงโอแวล เอ็ม 16x150 มม.,EA,68.9,พัสดุรอง,ใช้
1010150001,สลักห่วงโอแวล เอ็ม 16x200 มม.,EA,78.4,พัสดุรอง,ใช้
1010150002,สลักห่วงโอแวล เอ็ม 16x350 มม.,EA,110,พัสดุรอง,ใช้
1010150100,สลักห่วงโอแวล เอ็ม 20x350 มม.,EA,190,พัสดุรอง,ใช้
1010150101,สลักห่วงโอแวล เอ็ม 20x450 มม.,EA,224,พัสดุรอง,ใช้
1010160000,สตับโบลท์ เอ็ม 24x600 มม.,EA,200,พัสดุรอง,ใช้
1010160001,สตับโบลท์ เอ็ม 24x800 มม.,EA,241,พัสดุรอง,ใช้
1010160002,"สตับโบลท์ เอ็ม 24x1,000 มม.",EA,284,พัสดุรอง,ใช้
1010160003,"สตับโบลท์ เอ็ม 24x1,250 มม.",EA,340,พัสดุรอง,ใช้
1010160004,"สตับโบลท์เอ็ม 24X1,600 มม.",EA,448,พัสดุรอง,ใช้
1010180001,นัทรูปห่วง เอ็ม 16 ดิน 582,EA,42.2,พัสดุรอง,ใช้
1010180002,นัทรูปห่วง เอ็ม 20,EA,169,พัสดุรอง,ใช้
1010180100,แหวนรองแบบเรียบ ประเภทจัตุรัสขนาดใหญ่ 52x52x4.5 มม.เส้นผ่านศูนย์กลางรู 18 มม.มอก.258,EA,4.95,พัสดุรอง,ใช้
1010180101,แหวนรองแบบเรียบ ประเภทจัตุรัสขนาดใหญ่ 62x62x6 มม.เส้นผ่านศูนย์กลางรู 22 มม.มอก.258,EA,9.9,พัสดุรอง,ใช้
1010180201,แหวนสี่เหลี่ยมโค้ง 60x60x5 มม. เส้นผ่านศูนย์กลางรู 22 มม.,EA,7.25,พัสดุรอง,ใช้
1010180301,แหวนรองแบบสปริง ขนาดระบุ 16 มม. ประเภทใช้งานทั่วไป มอก.259,EA,3.59,พัสดุรอง,ใช้
1010180302,แหวนรองแบบสปริง ขนาดระบุ 20 มม. ประเภทใช้งานทั่วไป มอก.259,EA,6.59,พัสดุรอง,ใช้
1010200001,เหล็กประกับไม้คอน ขนาด 30x6 มม. ยาว 760 มม.,EA,64.2,พัสดุรอง,ใช้
1010200002,"เหล็กประกับไม้คอน ขนาด 40x6 มม. ยาว 1,000 มม.",EA,112,พัสดุรอง,ใช้
1010200003,"เหล็กประกับไม้คอน ขนาด 50x10 มม. ยาว 1,950 มม.",EA,475,พัสดุรอง,ใช้
1010200004,"เหล็กประกับไม้คอน แบบท้าวแขน ขนาด 40x40x5 มม. ยาว 2,120 มม.",EA,388,พัสดุรอง,ใช้
1010200005,"เหล็กประกับไม้คอน แบบท้าวแขน ขนาด 50x50x6 มม. ยาว 2,350 มม.",EA,460,พัสดุรอง,ใช้
1010200007,"เหล็กฉากรับคอนสาย ขนาด 50x50x6 มม. ช่วงกว้าง 1,800 มม. ดรอพ 450 มม.",EA,460,พัสดุรอง,ใช้
1010200009,เหล็กประกับคอนสาย 50x50x6 มม.ยาว 1 เมตร,EA,252,พัสดุรอง,ใช้
1010210000,"ก้านสมอบก แบบห่วงกลม เอ็ม 16 ยาว 2,000 มม. (แบบ arc welded oval eye)",EA,236,พัสดุรอง,ไม่ใช้
1010210003,"ก้านสมอบก แบบห่วงสองร่อง เอ็ม 20 ยาว 2,500 มม.",EA,465,พัสดุรอง,ไม่ใช้
1010210004,"ก้านสมอบก แบบห่วงสองร่อง เอ็ม 24 ยาว 2,500 มม.",EA,687,พัสดุรอง,ไม่ใช้
1010210200,สลักห่วง แบบธรรมดาเดี่ยว เอ็ม 16x350 มม.,EA,63.8,พัสดุรอง,ใช้
1010210201,สลักห่วง แบบธรรมดาเดี่ยว 45 องศา เอ็ม 16x250 มม.,EA,60.7,พัสดุรอง,ใช้
1010210202,สลักห่วง แบบธรรมดาเดี่ยว 45 องศา เอ็ม 16x350 มม.,EA,94.8,พัสดุรอง,ใช้
1010210203,สลักห่วง แบบธรรมดาเดี่ยว 45 องศา เอ็ม 20x350 มม.,EA,128,พัสดุรอง,ใช้
1010210300,แผ่นห่วง สำหรับสายยึดโยง 30 องศา,EA,33.3,พัสดุรอง,ใช้
1010210304,กายทิมเบิ้ล สำหรับสายยึดโยง 50-95 ต.มม.,EA,8.62,พัสดุรอง,ใช้
1010220002,กราวด์ร็อด ขนาด 60x60x5 มม.ยาว 2 เมตร,EA,460,พัสดุรอง,ใช้
1010220010,"สายดิน แบบแผ่นเหล็ก 30x3.5x10,000 มม. ",M,59.5,พัสดุรอง,ใช้
1010230000,ยูแคล้มป์ สลัก 1 ตัว เอ็ม 8 (ไวร์ โร๊ป คลิ้ฟ),EA,7.92,พัสดุรอง,ใช้
1010230001,ยูแคล้มป์ สลักคู่ เอ็ม 16 (ไวร์ โร๊ป คลิ้ฟ),EA,45.4,พัสดุรอง,ใช้
1010230003,แคล้มป์ สลัก 3 ตัว สำหรับลวดเหล็กตีเกลียว 35 ต.มม.,EA,97.1,พัสดุรอง,ใช้
1010230201,กราวด์วายร์แคล้มป์ สำหรับเสาคอนกรีต,EA,225,พัสดุรอง,ใช้
1010230203,กราวด์วายร์แคล้มป์ สำหรับเหล็กฉากรับสายล่อฟ้า,EA,209,พัสดุรอง,ใช้
1010230205,กราวด์วายร์แคล้มป์ แบบ เจ 1152,EA,21.4,พัสดุรอง,ใช้
1020180001,"เทปไฟฟ้าพีวีซี.ใช้ภายนอกม้วนขนาด 0.18x19x10,000 มม.มอก.386",EA,6.21,พัสดุรอง,ใช้
1020200000,ลวดอลูมิเนียมแบน 1x10 มม.,KG,252,พัสดุรอง,ใช้
1020200002,ลวดอลูมิเนียมกลม 4.0 มม.,KG,203,พัสดุรอง,ใช้
1020200003,COVERED TIE WIRE.AL.4.0 MM.,M,9.71,พัสดุรอง,ใช้
1020220107,ปรีฟอร์มอาร์เมอร์รอด สำหรับสายอลูมิเนียมหรืออลูมิเนียมอัลลอย 185 ต.มม.,EA,272,พัสดุรอง,ใช้
1020220109,ปรีฟอร์มอาร์เมอร์รอด สำหรับสายอลูมิเนียมหรืออลูมิเนียมอัลลอย 400 ต.มม.,EA,760,พัสดุรอง,ใช้
1020230003,ARMOR-GRIP.PREFORMED.OPGW.CONCRETE POLE,EA,"2,939.00",พัสดุรอง,ใช้
1020230004,ARMOR-GRIP.PREFORMED.OPGW.BEYONET,EA,"3,051.00",พัสดุรอง,ใช้
1020240000,ปรีฟอร์มแยกสาย สำหรับสายอลูมิเนียม 400 ต.มม.,EA,274,พัสดุรอง,ใช้
1020250300,PREFORMED D/E. OPGW.DIA. 14 MM.,EA,542,พัสดุรอง,ใช้
1020260201,ปรีฟอร์มเข้าปลายสายเคเบิลสำหรับเคเบิลอากาศ 22 เควี 185 ต.มม.และ 33 เควี 120 ต.มม.,EA,133,พัสดุรอง,ใช้
1020260202,"PREFORMED D/E,SAC 22KV 50SQ.MM. 21.80MM",EA,60,พัสดุรอง,ใช้
1020260205,"PREFORMED D/E,SAC 22KV 185SQ.MM. 29.78MM",EA,151,พัสดุรอง,ใช้
1020260206,"PREFORMED D/E,SAC 33KV 50SQ.MM. 26.46MM",EA,60,พัสดุรอง,ใช้
1020260209,"PREFORMED D/E,SAC 33KV 185SQ.MM. 34.44MM",EA,160,พัสดุรอง,ใช้
1020300101,พีจี. คอนเนคเตอร์สลักคู่ สำหรับสายอลูมิเนียม-อลูมิเนียมอัลลอย และ อลูมิเนียมแกนเหล็ก 16-70 ต.มม.,EA,18.7,พัสดุรอง,ใช้
1020300102,พีจี. คอนเนคเตอร์สลักคู่ สำหรับสายอลูมิเนียม อลูมิเนียมอัลลอย และ อลูมิเนียมแกนเหล็ก 25-95 ต.มม.,EA,20.4,พัสดุรอง,ใช้
1020300103,พีจี. คอนเนคเตอร์ 3 สลัก สำหรับสายอลูมิเนียม อลูมิเนียมอัลลอย และ อลูมิเนียมแกนเหล็ก 70-185 ต.มม.,EA,70.4,พัสดุรอง,ใช้
1020300303,CONN.PG.TRIPLE BOLT.OPGW.CONCRETE POLE,EA,659,พัสดุรอง,ใช้
1020330005,"HOTLINE BAIL-CLAMP,MAIN 35-70 SQ.MM.",EA,645,พัสดุรอง,ใช้
1020330006,"HOTLINE BAIL-CLAMP,MAIN 70-185 SQ.MM.",EA,743,พัสดุรอง,ใช้
1020330101,ฮอทไลน์แคล้มป์ สำหรับสายเมนอลูมิเนียม 50-120 ต.มม. สายแยกอลูมิเนียม/ทองแดง 35-95 ต.มม.,EA,188,พัสดุรอง,ใช้
1020330104,"HOTLINE CLAMP,MAIN35-185,TAP50-185SQ.MM.",EA,603,พัสดุรอง,ใช้
1020400002,หลอดต่อสายชนิดบีบ รับแรงดึงสายอลูมิเนียม 50 ต.มม.,EA,13.8,พัสดุรอง,ใช้
1020400004,หลอดต่อสายชนิดบีบ รับแรงดึงสายอลูมิเนียม 95 ต.มม.,EA,28.7,พัสดุรอง,ใช้
1020400007,หลอดต่อสายชนิดบีบ รับแรงดึงสายอลูมิเนียม 185 ต.มม.,EA,61.6,พัสดุรอง,ใช้
1020400009,หลอดต่อสายชนิดบีบ รับแรงดึงสายอลูมิเนียม 400 ต.มม.,EA,211,พัสดุรอง,ใช้
1020400102,หลอดต่อสายชนิดบีบ รับแรงดึงสายอลูมิเนียมแกนเหล็ก 50/8 ต.มม.,EA,57.5,พัสดุรอง,ใช้
1020410002,หลอดต่อสายชนิดบีบ ไม่รับแรงดึงสายอลูมิเนียม 50 ต.มม.,EA,8.79,พัสดุรอง,ใช้
1020410004,หลอดต่อสายชนิดบีบ ไม่รับแรงดึงสายอลูมิเนียม 95 ต.มม.,EA,21.2,พัสดุรอง,ใช้
1020410007,หลอดต่อสายชนิดบีบ ไม่รับแรงดึงสายอลูมิเนียม 185 ต.มม.,EA,26.4,พัสดุรอง,ใช้
1020410009,หลอดต่อสายชนิดบีบ ไม่รับแรงดึงสายอลูมิเนียม 400 ต.มม.,EA,150,พัสดุรอง,ใช้
1020410102,หลอดต่อสายชนิดบีบ ไม่รับแรงดึง สายอลูมิเนียม แกนเหล็ก 50/8 ต.มม.,EA,9.38,พัสดุรอง,ใช้
1020420102,หางปลา เจาะรูตามมาตรฐานเนม่า สำหรับสายอลูมิเนียม 50 ต.มม.,EA,10.7,พัสดุรอง,ใช้
1020420104,หางปลา เจาะรูตามมาตรฐานเนม่า สำหรับสายอลูมิเนียม 95 ต.มม.,EA,23.5,พัสดุรอง,ใช้
1020420106,หางปลา เจาะรูตามมาตรฐานเนม่า สำหรับสายอลูมิเนียม 185 ต.มม.,EA,35.2,พัสดุรอง,ใช้
1020420201,หางปลา เจาะรู 4 รู ตามมาตรฐานเนม่า สำหรับสายอลูมิเนียม 400 ต.มม.,EA,270,พัสดุรอง,ใช้
1020420302,หางปลาแบบ 15 องศา เจาะ 4 รู ตามมาตรฐานเนม่า สำหรับสายอลูมิเนียม 400 ต.มม.,EA,293,พัสดุรอง,ใช้
1020420400,สลักต่อปลายสายเข้าอุปกรณ์ไฟฟ้าสำหรับสายอลูมิเนียม ขนาด 50 ต.มม.,EA,35.2,พัสดุรอง,ใช้
1020430001,แคล้มป์เข้าปลายสาย แบบบีบหัวต่อเดียว สำหรับสายอลูมิเนียม 400 ต.มม.,EA,584,พัสดุรอง,ใช้
1020430101,แคล้มป์เข้าปลายสาย แบบบีบหัวต่อคู่ สำหรับสายอลูมิเนียม 400 ต.มม.,EA,602,พัสดุรอง,ใช้
1020440102,กายแคล้มป์สลัก 3 ตัว,EA,93.4,พัสดุรอง,ใช้
1020440103,ห่วงแขวนเคเบิลสเปเซอร์,EA,19.2,พัสดุรอง,ใช้
1020440105,เหล็กคอนเคเบิลอากาศทางตรง,EA,341,พัสดุรอง,ใช้
1020440106,ห่วงรัดสายเคเบิลสำหรับเคเบิลสเปเซอร์ชนิดโพลีเอทีลีน พัสดุเลขที่ 02440000,EA,31.1,พัสดุรอง,ใช้
1020440112,เหล็กคอนเคเบิลอากาศทางโค้ง ระบบ 22 เควี,EA,"1,297.00",พัสดุรอง,ใช้
1020440121,"BRACKET, SAC CORNER SUPPORT, 33 KV",EA,"1,535.00",พัสดุรอง,ใช้
1020440113,ห่วงรัดสายเคเบิลอากาศ 22 เควี 50 ต.มม. สำหรับลูกถ้วยแยกสายไฟฟ้า : พอร์ซเลน,EA,31.1,พัสดุรอง,ใช้
1020440114,ห่วงรัดสายเคเบิลอากาศ 22 เควี 95 ต.มม. และ 33 เควี 50 ต.มม. สำหรับลูกถ้วยแยกสายไฟฟ้า : พอร์ซเลน,EA,31.1,พัสดุรอง,ใช้
1020440115,ห่วงรัดสายเคเบิลอากาศ 22 เควี 120 ต.มม. สำหรับลูกถ้วยแยกสายไฟฟ้า : พอร์ซเลน,EA,31.1,พัสดุรอง,ใช้
1020440116,ห่วงรัดสายเคเบิลอากาศ 22 เควี 185 ต.มม. 33 เควี 120 ต.มม. สำหรับลูกถ้วยแยกสายไฟฟ้า : พอร์ซเลน,EA,31.1,พัสดุรอง,ใช้
1020440117,"ห่วงรัดสายเคเบิลอากาศ 33 เควี 185 ต.มม. สำหรับลูกถ้วยแยกสายไฟฟ้า :
พอร์ซเลน",EA,31.1,พัสดุรอง,ใช้
1020440119,ห่วงรัดสายเคเบิลอากาศแบบยืดหยุ่น,EA,29.3,พัสดุรอง,ใช้
1020500004,คอนเนคเตอร์แบบที สำหรับอลูมิเนียมสายเมน 400 ต.มม.สายแยก 95-185 ต.มม.,EA,"1,177.00",พัสดุรอง,ใช้
1020500005,คอนเนคเตอร์แบบที สำหรับต่อสายเมน 400 ต.มม.  กับสายแยก  185-240 ต.มม.,EA,"1,177.00",พัสดุรอง,ใช้
1020500006,คอนเนคเตอร์แบบที สำหรับอลูมิเนียมสายเมน 400 ต.มม. สายแยก 400 ต.มม.,EA,"1,177.00",พัสดุรอง,ใช้
1020500010,คอนเนคเตอร์แบบที สำหรับต่อสายอลูมิเนียม 400 ต.มม. กับแผ่นรองชนิด 4 รู,EA,"1,268.00",พัสดุรอง,ใช้
1020500100,คอนเนคเตอร์แบบที ชนิดบีบ สำหรับอลูมิเนียมสายเมน 400 ต.มม.กับแผ่นรองชนิด 4 รู,EA,893,พัสดุรอง,ใช้
1020570106,"แคล้มป์จับสาย ชนิดสายไฟฟ้าคู่ สำหรับสายอลูมิเนียม 400 ต.มม. 
ใช้ประกอบลูกถ้วยแบบโพสท์ 115 เควี ติดดั้งในแนวนอน",EA,"2,052.00",พัสดุรอง,ใช้
1030110000,สเตรนแคล้มป์แบบตรงอลูมิเนียม 35-70 ต.มม.อลูมิเนียมแกนเหล็ก 35-50 ต.มม.,EA,116,พัสดุรอง,ใช้
1030110004,สเตรนแคล้มป์แบบตรงสำหรับสายอลูมิเนียม 185 ต.มม.,EA,194,พัสดุรอง,ใช้
1030110007,สเตรนแคล้มป์แบบตรงสำหรับสายอลูมิเนียมแกนเหล็ก 120-185 ต.มม.,EA,481,พัสดุรอง,ใช้
1030110103,สเตรนแคล้มป์พร้อมแคล้มป์ปิ้งคีปเปอร์ สำหรับสายอลูมิเนียม 400 ต.มม.,EA,805,พัสดุรอง,ใช้
1030120002,แคล้มป์แขวน สำหรับสายอลูมิเนียม 400 ต.มม.,EA,286,พัสดุรอง,ใช้
1030130000,แร็ค 2x200 มม.แบบหลังยื่น,EA,120,พัสดุรอง,ใช้
1030130001,แร็ค 3x200 มม.แบบหลังยื่น,EA,204,พัสดุรอง,ใช้
1030130002,แร็ค 4x200 มม.แบบหลังยื่น,EA,277,พัสดุรอง,ใช้
1030130100,ที่จับลูกรอก สำหรับลูกรอกแรงต่ำแบบ ข(แบบ 53-2)มอก.227,EA,55.8,พัสดุรอง,ใช้
1030140000,ข้อต่อแบบ เคลวิส-อาย,EA,96.2,พัสดุรอง,ใช้
1030140001,ข้อต่อแบบ บอล-เคลวิส ANSI แบบ K,EA,195,พัสดุรอง,ใช้
1030140002,ข้อต่อแขวนแบบหัวกลม,EA,87.5,พัสดุรอง,ใช้
1030140003,ข้อต่อแบบซ็อคเก็ต-อาย,EA,102,พัสดุรอง,ใช้
1030140004,ข้อต่อแบบ วาย-เคลวิส-บอล,EA,160,พัสดุรอง,ใช้
1030140005,ข้อต่อแบบ บอล-เคลวิส ANSI แบบ B,EA,102,พัสดุรอง,ใช้
1030140006,ข้อต่อแบบซ็อคเก็ต-เคลวิส ANSI แบบ B,EA,112,พัสดุรอง,ใช้
1030140007,ข้อต่อแบบซ็อคเก็ต-เคลวิส ANSI แบบ K,EA,225,พัสดุรอง,ใช้
1030140011,ทิมเบิลเคลวิส สำหรับปรีฟอร์มเข้าปลายสาย,EA,39.3,พัสดุรอง,ใช้
1030140012,ที่แขวนลูกถ้วยทางโค้ง,EA,219,พัสดุรอง,ใช้
1030140013,แผ่นเหล็กแยกสาย สำหรับสายอลูมิเนียม 400 ต.มม.,EA,189,พัสดุรอง,ใช้
1040020008,เอชอาร์ซี ฟิวส์แรงต่ำ 350-355 แอมป์ ดิน 43620 เบอร์ 2 หรือ บีเอส 88,EA,177,พัสดุรอง,ใช้
1040020100,ฟิวส์สวิตช์แรงต่ำ 1x400 แอมป์ 500 โวลท์,EA,620,พัสดุรอง,ใช้
1040030002,ฟิวส์ลิงค์ 22 เควี 3 แอมป์ EEI-NEMA แบบ K หรือแบบไฮเซิจ,EA,50,พัสดุรอง,ใช้
1040030003,ฟิวส์ลิงค์ 22 เควี 5-6 แอมป์ EEI-NEMA แบบ K หรือแบบไฮเซิจสำหรับ 5 แอมป์,EA,52,พัสดุรอง,ใช้
1040030004,ฟิวส์ลิงค์ 22 เควี 8 แอมป์ EEI-NEMA แบบ K,EA,52.1,พัสดุรอง,ใช้
1040030005,ฟิวส์ลิงค์ 22 เควี 10 แอมป์ EEI-NEMA แบบ K,EA,52.7,พัสดุรอง,ใช้
1040030006,ฟิวส์ลิงค์ 22 เควี 15 แอมป์ EEI-NEMA แบบ K,EA,53.4,พัสดุรอง,ใช้
1040030007,ฟิวส์ลิงค์ 22 เควี 20 แอมป์ EEI-NEMA แบบ K,EA,57.7,พัสดุรอง,ใช้
1040030008,ฟิวส์ลิงค์ 22 เควี 25 แอมป์ EEI-NEMA แบบ K,EA,60.2,พัสดุรอง,ใช้
1040030009,ฟิวส์ลิงค์ 22 เควี 30 แอมป์ EEI-NEMA แบบ K,EA,63.3,พัสดุรอง,ใช้
1040030010,ฟิวส์ลิงค์ 22 เควี 40 แอมป์ EEI-NEMA แบบ K,EA,69.5,พัสดุรอง,ใช้
1040030011,ฟิวส์ลิงค์ 22 เควี 50 แอมป์ EEI-NEMA แบบ K,EA,127,พัสดุรอง,ใช้
1040030012,ฟิวส์ลิงค์ 22 เควี 65 แอมป์ EEI-NEMA แบบบ K,EA,196,พัสดุรอง,ใช้
1040030102,ฟิวส์ลิงค์ 33 เควี 3 แอมป์ EEI-NEMA แบบ K หรือแบบไฮเซิจ,EA,112,พัสดุรอง,ใช้
1040030103,ฟิวส์ลิงค์ 33 เควี 5-6 แอมป์ EEI-NEMA แบบ K หรือแบบไฮเซิจสำหรับ 5 แอมป์,EA,112,พัสดุรอง,ใช้
1040030104,ฟิวส์ลิงค์ 33 เควี 8 แอมป์ EEI-NEMA แบบ K,EA,112,พัสดุรอง,ใช้
1040030105,ฟิวส์ลิงค์ 33 เควี 10 แอมป์ EEI-NEMA แบบ K,EA,123,พัสดุรอง,ใช้
1040030106,ฟิวส์ลิงค์ 33 เควี 15 แอมป์ EEI-NEMA แบบ K,EA,123,พัสดุรอง,ใช้
1040030107,ฟิวส์ลิงค์ 33 เควี 20 แอมป์ EEI-NEMA แบบ K,EA,155,พัสดุรอง,ใช้
1040030108,ฟิวส์ลิงค์ 33 เควี 25 แอมป์ EEI-NEMA แบบ K,EA,155,พัสดุรอง,ใช้
1040030109,ฟิวส์ลิงค์ 33 เควี 30 แอมป์ EEI-NEMA แบบ K,EA,157,พัสดุรอง,ใช้
1040030110,ฟิวส์ลิงค์ 33 เควี 40 แอมป์ EEI-NEMA แบบ K,EA,157,พัสดุรอง,ใช้
1040080300,ที่แขวนรีโคลสเซอร์กับเสาคู่,EA,"28,570.00",พัสดุรอง,ใช้
1040080302,ชุดควบคุมอัตโนมัติ สำหรับรีโคลสเซอร์แบบอิเล็กทรอนิกส์,EA,"167,400.00",พัสดุรอง,ใช้
1050100002,เหล็กแขวนท่อ พีวีซี.,EA,40.7,พัสดุรอง,ใช้
1050100003,เหล็กจับขอบถังหม้อแปลง สำหรับยึดสายแรงต่ำ,EA,53,พัสดุรอง,ใช้
1050110001,ที่แขวนคาปาซิเตอร์ 11-33 เควี 1x6 ชุด,EA,"2,699.00",พัสดุรอง,ใช้
1060020007,"วีที 1 เฟส ใช้นอกอาคาร เรโช 22,000/110 โวลท์ คลาส 0.5,50 วีเอ",EA,"13,780.00",พัสดุรอง,ใช้
1060020105,"วีที 1 เฟส ใช้นอกอาคาร เรโช 33,000/110 โวลท์ คลาส 0.5, 50 วีเอ",EA,"17,140.00",พัสดุรอง,ใช้
1060030003,"ซีที แรงต่ำ 500 โวลท์ เรโช 250/5 แอมป์ คลาส 0.5, 5 วีเอ",EA,578,พัสดุรอง,ใช้
1060030005,"ซีที แรงต่ำ 500 โวลท์ เรโช 400/5 แอมป์ คลาส 0.5, 5 วีเอ",EA,646,พัสดุรอง,ใช้
1060030100,"ซีที แรงต่ำใช้นอกอาคาร 500 โวลท์ เรโช 150/5 แอมป์ คลาส 0.5, 5 วีเอ",EA,651,พัสดุรอง,ใช้
1060040019,"ซีที ใช้นอกอาคาร 22 เควี เรโช 10/5 แอมป์ คลาส 0.5, 30 วีเอ",EA,"10,440.00",พัสดุรอง,ใช้
1060040020,"ซีที ใช้นอกอาคาร 22 เควี เรโช 20/5 แอมป์ คลาส 0.5, 30 วีเอ",EA,"10,450.00",พัสดุรอง,ใช้
1060040021,"ซีที ใช้นอกอาคาร 22 เควี เรโช 30/5 แอมป์ คลาส 0.5, 30 วีเอ",EA,"10,460.00",พัสดุรอง,ใช้
1060040022,"ซีที ใช้นอกอาคาร 22 เควี เรโช 50/5 แอมป์ คลาส 0.5, 30 วีเอ",EA,"10,480.00",พัสดุรอง,ใช้
1060040023,"ซีที ใช้นอกอาคาร 22 เควี เรโช 75/5 แอมป์ คลาส 0.5, 30 วีเอ",EA,"10,560.00",พัสดุรอง,ใช้
1060040024,"ซีที ใช้นอกอาคาร 22 เควี เรโช 100/5 แอมป์ คลาส 0.5, 30 วีเอ",EA,"10,600.00",พัสดุรอง,ใช้
1060040025,"ซีที ใช้นอกอาคาร 22 เควี เรโช 150/5 แอมป์ คลาส 0.5, 30 วีเอ",EA,"10,780.00",พัสดุรอง,ใช้
1060040026,"ซีที ใช้นอกอาคาร 22 เควี เรโช 200/5 แอมป์ คลาส 0.5, 30 วีเอ",EA,"10,910.00",พัสดุรอง,ใช้
1060040027,"ซีที ใช้นอกอาคาร 22 เควี เรโช 300/5 แอมป์ คลาส 0.5, 30 วีเอ",EA,"11,140.00",พัสดุรอง,ใช้
1060040028,"ซีที ใช้นอกอาคาร 22 เควี เรโช 400/5 แอมป์ คลาส 0.5, 30 วีเอ",EA,"11,370.00",พัสดุรอง,ใช้
1060040029,"ซีที ใช้นอกอาคาร 22 เควี เรโช 500/5 แอมป์ คลาส 0.5, 30 วีเอ",EA,"11,660.00",พัสดุรอง,ใช้
1060040030,"ซีที ใช้นอกอาคาร 22 เควี เรโช 600/5 แอมป์ คลาส 0.5, 30 วีเอ",EA,"11,890.00",พัสดุรอง,ใช้
1060040112,"ซีที ใช้นอกอาคาร 33 เควี เรโช 10/5 แอมป์ คลาส 0.5, 30 วีเอ",EA,"15,690.00",พัสดุรอง,ใช้
1060040113,"ซีที ใช้นอกอาคาร 33 เควี เรโช 20/5 แอมป์ คลาส 0.5, 30 วีเอ",EA,"15,700.00",พัสดุรอง,ใช้
1060040114,"ซีที ใช้นอกอาคาร 33 เควี เรโช 30/5 แอมป์ คลาส 0.5, 30 วีเอ",EA,"15,700.00",พัสดุรอง,ใช้
1060040115,"ซีที ใช้นอกอาคาร 33 เควี เรโช 50/5 แอมป์ คลาส 0.5, 30 วีเอ",EA,"15,710.00",พัสดุรอง,ใช้
1060040116,"ซีที ใช้นอกอาคาร 33 เควี เรโช 75/5 แอมป์ คลาส 0.5, 30 วีเอ",EA,"15,740.00",พัสดุรอง,ใช้
1060040117,"ซีที ใช้นอกอาคาร 33 เควี เรโช 100/5 แอมป์ คลาส 0.5, 30 วีเอ",EA,"15,760.00",พัสดุรอง,ใช้
1060040118,"ซีที ใช้นอกอาคาร 33 เควี เรโช 150/5 แอมป์ คลาส 0.5, 30 วีเอ",EA,"15,810.00",พัสดุรอง,ใช้
1060040119,"ซีที ใช้นอกอาคาร 33 เควี เรโช 200/5 แอมป์ คลาส 0.5, 30 วีเอ",EA,"15,840.00",พัสดุรอง,ใช้
1060040120,"ซีที ใช้นอกอาคาร 33 เควี เรโช 300/5 แอมป์ คลาส 0.5, 30 วีเอ",EA,"16,640.00",พัสดุรอง,ใช้
1060040121,"ซีที ใช้นอกอาคาร 33 เควี เรโช 400/5 แอมป์ คลาส 0.5, 30 วีเอ",EA,"16,740.00",พัสดุรอง,ใช้
1060100000,"CABLE PLATE, SIZE 2X20X20 CM.",EA,31.8,พัสดุรอง,ใช้
1060100001,"METER PLATE, SIZE 2X20X60 CM.",EA,95.3,พัสดุรอง,ใช้
1060100002,"METER PLATE, SIZE 2X20X120 CM.",EA,191,พัสดุรอง,ใช้
1060100008,ตู้สำหรับมิเตอร์พร้อม ซีที.แรงต่ำ,EA,891,พัสดุรอง,ใช้
1060100014,แผ่นอลูมิเนียม ขนาด 0.5 x 15 x 100 มม.,EA,0.63,พัสดุรอง,ใช้
1060100020,"AL. CABINET, O/D 3P WATTHOUR&TOU METER",EA,"1,214.00",พัสดุรอง,ใช้
1060100021,ลวดร้อยตราตะกั่ว,M,2.45,พัสดุรอง,ใช้
1060100022,SEALING LEAD FOR WATTHOUR METER,KG,252,พัสดุรอง,ใช้
1080040001,"ท่อพีวีซีแข็ง ขนาด 20x2,500 มม. มอก.216",EA,22.8,พัสดุรอง,ใช้
1080040003,"ท่อพีวีซีแข็ง ขนาด 65x1,000 มม. มอก.216",EA,58.5,พัสดุรอง,ใช้
1080040005,"ท่อพีวีซีแข็ง ขนาด 20x2,000 มม. มอก.216",EA,19.5,พัสดุรอง,ใช้
1080040006,ท่อพีวีซีแข็ง ขนาด 40x200 มม. มอก.216,EA,8.68,พัสดุรอง,ใช้
